AUTHOR,PRICE,TITLE,URL
,,,
by Monty Python,15.00,Monty Python's The Life Of Brian (Of Nazareth),https://www.biblio.com/book/monty-pythons-life-brian-nazareth-monty/d/1453355780
by Monty Python,15.95,MONTY PYTHONâ€™S BIG RED BOOK,https://www.biblio.com/book/monty-pythons-big-red-book-monty/d/1385328791
by Monty Python,11.63,The Brand New Monty Python Papperbok,https://www.biblio.com/book/brand-new-monty-python-papperbok-monty/d/966919411
by Monty Python,10.00,Monty Pythons Life of Brian,https://www.biblio.com/book/monty-pythons-life-brian-monty-python/d/790189788
"by Knapp, Michael; Programming, Python [Introduction]",12.45,Python Programming For Beginners: Learn The Fundamentals of Python in 7 Days,https://www.biblio.com/book/python-programming-beginners-learn-fundamentals-python/d/1457865879
by Monty Python,14.33,Monty Python And The Holy Grail,https://www.biblio.com/book/monty-python-holy-grail-monty-python/d/1442789973
by Monty Python.,15.00,Monty Python's Big Red Book.,https://www.biblio.com/book/monty-pythons-big-red-book-monty/d/73517463
by (Monty Python).,15.00,The Secret Policeman's Other Ball. (Monty Python).,https://www.biblio.com/book/secret-policemans-other-ball-monty-python/d/73518221
by Monty Python,14.25,Monty Python's the meaning of life / written and performed by Graham Chapman ... [et al.],https://www.biblio.com/book/monty-pythons-meaning-life-written-performed/d/1435044604
by Monty Python,20.00,Life Of Python : Video Dvds,https://www.biblio.com/audio-book/life-python-video-dvds-monty-python/d/1489268379
"by Hoover, Ralph (Monty Python)",12.00,Jabberwocky (Monty Python).,https://www.biblio.com/book/jabberwocky-monty-python-hoover-ralph-monty/d/73513758
by MONTY PYTHON,10.00,Fairly Incomplete & Rather Badly Illustrated Monty Python Song Book,https://www.biblio.com/book/fairly-incomplete-rather-badly-illustrated-monty/d/38120664
"by Python, Monty",14.30,Monty Python's the Meaning of Life,https://www.biblio.com/book/monty-pythons-meaning-life-python-monty/d/521702234
by Monty Python,8.43,Monty Python's Big Red Book (A Methuen paperback),https://www.biblio.com/book/monty-pythons-big-red-book-methuen/d/1454077782
by Monty Python,7.72,Monty Python Live At Drury Lane LP,https://www.biblio.com/music-vinyl/monty-python-live-drury-lane-lp/d/1461700692
by Monty Python,17.30,The Brand New Monty Python Papperbok,https://www.biblio.com/book/brand-new-monty-python-papperbok-monty/d/1265220230
"by Shakespeare & Python, Monty",12.00,The Complete Works of Shakespeare and Monty Python : Volume One _ Monty Python,https://www.biblio.com/book/complete-works-shakespeare-monty-python-volume/d/413723431
by Monty Python,15.12,"The Very Best of Monty Python: The essential gags, sketches and songs, individually selected and introduced by the Python team",https://www.biblio.com/book/very-best-monty-python-essential-gags/d/1445844877
by Monty Python,7.72,Monty Python Live At Drury Lane LP,https://www.biblio.com/music-vinyl/monty-python-live-drury-lane-lp/d/1434801229
by Monty Python,12.38,Monty Python's Big Red Book (Mandarin Humour),https://www.biblio.com/book/monty-pythons-big-red-book-mandarin/d/1477531917
by Monty Python,7.05,Monty Python Live At Drury Lane LP,https://www.biblio.com/music-vinyl/monty-python-live-drury-lane-lp/d/1437889291
by Monty Python,9.95,"Monty Python's Flying Circus (Vol. 2) (Monty Python's Flying Circus Series, Vol. 2)",https://www.biblio.com/book/monty-pythons-flying-circus-vol-2/d/51647999
by Monty Python,13.94,"Complete Monty Python's Flying Circus All the Words, Volume 1",https://www.biblio.com/book/complete-monty-pythons-flying-circus-all/d/1036963070
by Monty Python,8.86,Monty Python's Life of Brian,https://www.biblio.com/book/monty-pythons-life-brian-monty-python/d/1501691965
by Python,9.99,Monty Python's Flying Circus Just the Words (Volumes 1 & 2 in One Book),https://www.biblio.com/book/monty-pythons-flying-circus-just-words/d/1294351552
"by PYTHON, MONTY",16.25,"Complete Monty Python: Just the Words, v.1 & v.2",https://www.biblio.com/book/complete-monty-python-just-words-v1/d/1127767605
by Python,7.38,Monty Python's Flying Circus Just the Words (Volumes 1 & 2 in One Book),https://www.biblio.com/book/monty-pythons-flying-circus-just-words/d/1182625510
"by Monty Python, Graham Chapman Etc",8.13,The Brand New Monty Python Papperbok,https://www.biblio.com/book/brand-new-monty-python-papperbok-monty/d/1082012918
"by Monty Python, Chapman, Graham",7.82,The Pythons' Autobiography,https://www.biblio.com/book/pythons-autobiography-monty-python-chapman-graham/d/1473451402
by Monty Python,18.70,The Brand New Monty Python Papperbok,https://www.biblio.com/book/brand-new-monty-python-papperbok-monty/d/1354501294
"by Johnson, Kim """"Howard""""",12.00,The First 200 Years of Monty Python,https://www.biblio.com/book/first-200-years-monty-python-johnson/d/1209749797
by Python,7.21,Monty Python's Flying Circus,https://www.biblio.com/book/monty-pythons-flying-circus-python/d/1471855271
by MONTY PYTHON.,20.00,Monty Python's Big Red Book.,https://www.biblio.com/book/monty-pythons-big-red-book-monty/d/140032077
by Monty Python,7.71,The Brand New Monty Python Papperbok,https://www.biblio.com/book/brand-new-monty-python-papperbok-monty/d/1242963500
"by Python, Monty",20.00,The Brand New Monty Python Papperbok,https://www.biblio.com/book/brand-new-monty-python-papperbok-python/d/1446755974
"by Chapamn, Graham; Monty Python (Comedy Troupe)",9.99,The Complete Monty Python's Flying Circus: All The Words (Volume Two),https://www.biblio.com/book/complete-monty-pythons-flying-circus-all/d/913525428
by John Cleese; Monty Python,10.06,The Very Best of Monty Python,https://www.biblio.com/book/very-best-monty-python-john-cleese/d/1341607040
by John Cleese; Monty Python,10.06,The Very Best of Monty Python,https://www.biblio.com/book/very-best-monty-python-john-cleese/d/1186554539
"by (Monty Python) Palin, Michael.",8.00,The Missionary (Monty Python).,https://www.biblio.com/book/missionary-monty-python-monty-python-palin/d/73510473
"by Johnson, Kim ""Howard",14.85,"The First 28 Years of Monty Python, Revised Edition",https://www.biblio.com/book/first-28-years-monty-python-revised/d/874145289
by Monty Python,7.05,Monty Python Live At Drury Lane LP,https://www.biblio.com/music-vinyl/monty-python-live-drury-lane-lp/d/1437889291
by Monty Python,9.95,"Monty Python's Flying Circus (Vol. 2) (Monty Python's Flying Circus Series, Vol. 2)",https://www.biblio.com/book/monty-pythons-flying-circus-vol-2/d/51647999
by Monty Python,13.94,"Complete Monty Python's Flying Circus All the Words, Volume 1",https://www.biblio.com/book/complete-monty-pythons-flying-circus-all/d/1036963070
by Monty Python,8.86,Monty Python's Life of Brian,https://www.biblio.com/book/monty-pythons-life-brian-monty-python/d/1501691965
by Python,9.99,Monty Python's Flying Circus Just the Words (Volumes 1 & 2 in One Book),https://www.biblio.com/book/monty-pythons-flying-circus-just-words/d/1294351552
"by PYTHON, MONTY",16.25,"Complete Monty Python: Just the Words, v.1 & v.2",https://www.biblio.com/book/complete-monty-python-just-words-v1/d/1127767605
by Python,7.38,Monty Python's Flying Circus Just the Words (Volumes 1 & 2 in One Book),https://www.biblio.com/book/monty-pythons-flying-circus-just-words/d/1182625510
"by Monty Python, Graham Chapman Etc",8.13,The Brand New Monty Python Papperbok,https://www.biblio.com/book/brand-new-monty-python-papperbok-monty/d/1082012918
"by Monty Python, Chapman, Graham",7.82,The Pythons' Autobiography,https://www.biblio.com/book/pythons-autobiography-monty-python-chapman-graham/d/1473451402
by Monty Python,18.70,The Brand New Monty Python Papperbok,https://www.biblio.com/book/brand-new-monty-python-papperbok-monty/d/1354501294
"by Johnson, Kim """"Howard""""",12.00,The First 200 Years of Monty Python,https://www.biblio.com/book/first-200-years-monty-python-johnson/d/1209749797
by Python,7.21,Monty Python's Flying Circus,https://www.biblio.com/book/monty-pythons-flying-circus-python/d/1471855271
by MONTY PYTHON.,20.00,Monty Python's Big Red Book.,https://www.biblio.com/book/monty-pythons-big-red-book-monty/d/140032077
by Monty Python,7.71,The Brand New Monty Python Papperbok,https://www.biblio.com/book/brand-new-monty-python-papperbok-monty/d/1242963500
"by Python, Monty",20.00,The Brand New Monty Python Papperbok,https://www.biblio.com/book/brand-new-monty-python-papperbok-python/d/1446755974
"by Chapamn, Graham; Monty Python (Comedy Troupe)",9.99,The Complete Monty Python's Flying Circus: All The Words (Volume Two),https://www.biblio.com/book/complete-monty-pythons-flying-circus-all/d/913525428
by John Cleese; Monty Python,10.06,The Very Best of Monty Python,https://www.biblio.com/book/very-best-monty-python-john-cleese/d/1341607040
by John Cleese; Monty Python,10.06,The Very Best of Monty Python,https://www.biblio.com/book/very-best-monty-python-john-cleese/d/1186554539
"by (Monty Python) Palin, Michael.",8.00,The Missionary (Monty Python).,https://www.biblio.com/book/missionary-monty-python-monty-python-palin/d/73510473
"by Johnson, Kim ""Howard",14.85,"The First 28 Years of Monty Python, Revised Edition",https://www.biblio.com/book/first-28-years-monty-python-revised/d/874145289
by Python Productions,11.41,Monty Python's Big Red Book,https://www.biblio.com/book/monty-pythons-big-red-book-python/d/1476573238
by Monty Python,13.97,The Screenplay: Monty Python and the Holy Grail,https://www.biblio.com/book/screenplay-monty-python-holy-grail-monty/d/1253070536
by Python,6.64,Monty Python's Flying Circus,https://www.biblio.com/book/monty-pythons-flying-circus-python/d/1456097253
by Monty Python,6.92,Monty Python's Big Red Book,https://www.biblio.com/book/monty-pythons-big-red-book-monty/d/1185064186
"by Python, Monty",17.00,Monty Python's The Meaning Of Life,https://www.biblio.com/book/monty-pythons-meaning-life-python-monty/d/14378348
"by (Monty Python) Wilmut, Roger.",15.00,From Fringe to Flying Circus: Celebrating a Unique Generation of Comedy 1960-1980. (Monty Python),https://www.biblio.com/book/fringe-flying-circus-celebrating-unique-generation/d/206403316
by Monty Python,12.03,The Fairly Incomplete & Rather Badly Illustrated Monty Python Songbook: With Complete Instructions on How to Play the Piano,https://www.biblio.com/book/fairly-incomplete-rather-badly-illustrated-monty/d/1501965947
by Monty Python et al.,12.33,The fairly incomplete & rather badly illustrated Monty Python song book. With complete instructions on how to play the piano,https://www.biblio.com/book/fairly-incomplete-rather-badly-illustrated-monty/d/1497375075
"by Monty Python (Comedy troupe); Chapman, Graham",12.00,Monty Python's the Meaning of Life,https://www.biblio.com/book/monty-pythons-meaning-life-monty-python/d/143109155
by Monty Python,6.96,Monty Python's Big Red Book,https://www.biblio.com/book/monty-pythons-big-red-book-monty/d/1250345555
"by Topping, Richard",12.63,The Story of Monte Python: A Celebration,https://www.biblio.com/book/story-monte-python-celebration-topping-richard/d/313590696
by Python,6.16,Monty Python's Flying Circus,https://www.biblio.com/book/monty-pythons-flying-circus-python/d/1494802503
"by Hoover, Ralph (Monty Python)",8.00,Jabberwocky (Monty Python).,https://www.biblio.com/book/jabberwocky-monty-python-hoover-ralph-monty/d/863097082
"by Twigger, Robert python snake jungle",20.00,BIG SNAKE THE HUNT FOR THE WORLDS LONGEST PYTHON,https://www.biblio.com/book/big-snake-hunt-worlds-longest-python/d/1422566791
by Monty Python,10.00,Monty Python's Spamalot Programme Extra July/August 2007,https://www.biblio.com/book/monty-pythons-spamalot-programme-extra-july/d/1397690854
"by Python, Anthony",15.56,Excel 2021: The All-in-One Beginner to Expert Illustrative Guide | Master the Essential Functions and Formulas in Less Than 10 Minutes per Day With Step-by-Step Tutorials and Practical Examples,https://www.biblio.com/book/excel-2021-all-one-beginner-expert/d/1450728532
by Python,6.49,Monty Python's Flying Circus: Just the Words Volumes 1 & 2,https://www.biblio.com/book/monty-pythons-flying-circus-just-words/d/1456823070
"by O'Shea, Mark",14.00,Boas and Pythons of the World,https://www.biblio.com/book/boas-pythons-world-oshea-mark/d/1100567203
by Python Dadya,12.83,"PYTHON Adult Coloring Book-For Grown-ups, Men, Women Adults &amp; Teens Stress-relief Jumbo Coloring &amp; Activity Python Book: Discover this snakes coloring book for kids. Children of all ages can use this book with friends as well as their family who love snak",https://www.biblio.com/book/python-adult-coloring-book-grown-ups/d/1480414730
"by Monty Python; Chapman, Graham; Cleese, John",24.00,Monty Python's The Life of Brian (of Nazareth)/Monty Python's Scrapbook,https://www.biblio.com/book/monty-pythons-life-brian-nazareth-monty/d/1428965814
by Python Productions,11.41,Monty Python's Big Red Book,https://www.biblio.com/book/monty-pythons-big-red-book-python/d/1476573238
by Monty Python,13.97,The Screenplay: Monty Python and the Holy Grail,https://www.biblio.com/book/screenplay-monty-python-holy-grail-monty/d/1253070536
by Python,6.64,Monty Python's Flying Circus,https://www.biblio.com/book/monty-pythons-flying-circus-python/d/1456097253
by Monty Python,6.92,Monty Python's Big Red Book,https://www.biblio.com/book/monty-pythons-big-red-book-monty/d/1185064186
"by Python, Monty",17.00,Monty Python's The Meaning Of Life,https://www.biblio.com/book/monty-pythons-meaning-life-python-monty/d/14378348
"by (Monty Python) Wilmut, Roger.",15.00,From Fringe to Flying Circus: Celebrating a Unique Generation of Comedy 1960-1980. (Monty Python),https://www.biblio.com/book/fringe-flying-circus-celebrating-unique-generation/d/206403316
by Monty Python,12.03,The Fairly Incomplete & Rather Badly Illustrated Monty Python Songbook: With Complete Instructions on How to Play the Piano,https://www.biblio.com/book/fairly-incomplete-rather-badly-illustrated-monty/d/1501965947
by Monty Python et al.,12.33,The fairly incomplete & rather badly illustrated Monty Python song book. With complete instructions on how to play the piano,https://www.biblio.com/book/fairly-incomplete-rather-badly-illustrated-monty/d/1497375075
"by Monty Python (Comedy troupe); Chapman, Graham",12.00,Monty Python's the Meaning of Life,https://www.biblio.com/book/monty-pythons-meaning-life-monty-python/d/143109155
by Monty Python,6.96,Monty Python's Big Red Book,https://www.biblio.com/book/monty-pythons-big-red-book-monty/d/1250345555
"by Topping, Richard",12.63,The Story of Monte Python: A Celebration,https://www.biblio.com/book/story-monte-python-celebration-topping-richard/d/313590696
by Python,6.16,Monty Python's Flying Circus,https://www.biblio.com/book/monty-pythons-flying-circus-python/d/1494802503
"by Hoover, Ralph (Monty Python)",8.00,Jabberwocky (Monty Python).,https://www.biblio.com/book/jabberwocky-monty-python-hoover-ralph-monty/d/863097082
"by Twigger, Robert python snake jungle",20.00,BIG SNAKE THE HUNT FOR THE WORLDS LONGEST PYTHON,https://www.biblio.com/book/big-snake-hunt-worlds-longest-python/d/1422566791
by Monty Python,10.00,Monty Python's Spamalot Programme Extra July/August 2007,https://www.biblio.com/book/monty-pythons-spamalot-programme-extra-july/d/1397690854
"by Python, Anthony",15.56,Excel 2021: The All-in-One Beginner to Expert Illustrative Guide | Master the Essential Functions and Formulas in Less Than 10 Minutes per Day With Step-by-Step Tutorials and Practical Examples,https://www.biblio.com/book/excel-2021-all-one-beginner-expert/d/1450728532
by Python,6.49,Monty Python's Flying Circus: Just the Words Volumes 1 & 2,https://www.biblio.com/book/monty-pythons-flying-circus-just-words/d/1456823070
"by O'Shea, Mark",14.00,Boas and Pythons of the World,https://www.biblio.com/book/boas-pythons-world-oshea-mark/d/1100567203
by Python Dadya,12.83,"PYTHON Adult Coloring Book-For Grown-ups, Men, Women Adults &amp; Teens Stress-relief Jumbo Coloring &amp; Activity Python Book: Discover this snakes coloring book for kids. Children of all ages can use this book with friends as well as their family who love snak",https://www.biblio.com/book/python-adult-coloring-book-grown-ups/d/1480414730
"by Monty Python; Chapman, Graham; Cleese, John",24.00,Monty Python's The Life of Brian (of Nazareth)/Monty Python's Scrapbook,https://www.biblio.com/book/monty-pythons-life-brian-nazareth-monty/d/1428965814
by Python Productions,11.41,Monty Python's Big Red Book,https://www.biblio.com/book/monty-pythons-big-red-book-python/d/1476573238
by Monty Python,13.97,The Screenplay: Monty Python and the Holy Grail,https://www.biblio.com/book/screenplay-monty-python-holy-grail-monty/d/1253070536
by Python,6.64,Monty Python's Flying Circus,https://www.biblio.com/book/monty-pythons-flying-circus-python/d/1456097253
by Monty Python,6.92,Monty Python's Big Red Book,https://www.biblio.com/book/monty-pythons-big-red-book-monty/d/1185064186
"by Python, Monty",17.00,Monty Python's The Meaning Of Life,https://www.biblio.com/book/monty-pythons-meaning-life-python-monty/d/14378348
"by (Monty Python) Wilmut, Roger.",15.00,From Fringe to Flying Circus: Celebrating a Unique Generation of Comedy 1960-1980. (Monty Python),https://www.biblio.com/book/fringe-flying-circus-celebrating-unique-generation/d/206403316
by Monty Python,12.03,The Fairly Incomplete & Rather Badly Illustrated Monty Python Songbook: With Complete Instructions on How to Play the Piano,https://www.biblio.com/book/fairly-incomplete-rather-badly-illustrated-monty/d/1501965947
by Monty Python et al.,12.33,The fairly incomplete & rather badly illustrated Monty Python song book. With complete instructions on how to play the piano,https://www.biblio.com/book/fairly-incomplete-rather-badly-illustrated-monty/d/1497375075
"by Monty Python (Comedy troupe); Chapman, Graham",12.00,Monty Python's the Meaning of Life,https://www.biblio.com/book/monty-pythons-meaning-life-monty-python/d/143109155
by Monty Python,6.96,Monty Python's Big Red Book,https://www.biblio.com/book/monty-pythons-big-red-book-monty/d/1250345555
"by Topping, Richard",12.63,The Story of Monte Python: A Celebration,https://www.biblio.com/book/story-monte-python-celebration-topping-richard/d/313590696
by Python,6.16,Monty Python's Flying Circus,https://www.biblio.com/book/monty-pythons-flying-circus-python/d/1494802503
"by Hoover, Ralph (Monty Python)",8.00,Jabberwocky (Monty Python).,https://www.biblio.com/book/jabberwocky-monty-python-hoover-ralph-monty/d/863097082
"by Twigger, Robert python snake jungle",20.00,BIG SNAKE THE HUNT FOR THE WORLDS LONGEST PYTHON,https://www.biblio.com/book/big-snake-hunt-worlds-longest-python/d/1422566791
by Monty Python,10.00,Monty Python's Spamalot Programme Extra July/August 2007,https://www.biblio.com/book/monty-pythons-spamalot-programme-extra-july/d/1397690854
"by Python, Anthony",15.56,Excel 2021: The All-in-One Beginner to Expert Illustrative Guide | Master the Essential Functions and Formulas in Less Than 10 Minutes per Day With Step-by-Step Tutorials and Practical Examples,https://www.biblio.com/book/excel-2021-all-one-beginner-expert/d/1450728532
by Python,6.49,Monty Python's Flying Circus: Just the Words Volumes 1 & 2,https://www.biblio.com/book/monty-pythons-flying-circus-just-words/d/1456823070
"by O'Shea, Mark",14.00,Boas and Pythons of the World,https://www.biblio.com/book/boas-pythons-world-oshea-mark/d/1100567203
by Python Dadya,12.83,"PYTHON Adult Coloring Book-For Grown-ups, Men, Women Adults &amp; Teens Stress-relief Jumbo Coloring &amp; Activity Python Book: Discover this snakes coloring book for kids. Children of all ages can use this book with friends as well as their family who love snak",https://www.biblio.com/book/python-adult-coloring-book-grown-ups/d/1480414730
"by Monty Python; Chapman, Graham; Cleese, John",24.00,Monty Python's The Life of Brian (of Nazareth)/Monty Python's Scrapbook,https://www.biblio.com/book/monty-pythons-life-brian-nazareth-monty/d/1428965814
by Python,22.20,"Monty Python's Flying Circus: Just the Words Volumes 1 & 2: Written by Python, 1990 Edition, Publisher: Random House of Canada, Limited [Paperback] [Paperback] Python",https://www.biblio.com/book/monty-pythons-flying-circus-just-words/d/1036259937
"by [Monty Python] Perry, George",9.99,Life of Python,https://www.biblio.com/book/life-python-monty-python-perry-george/d/1276652124
"by Programmer, PYTHON",9.24,PYTHON developer notebook : language PYTHON: PYTHON programmer .: this awsome PYTHON notebook is 6 in x 9 in 120 pages,https://www.biblio.com/book/python-developer-notebook-language-python-python/d/1456029543
"by MONTY PYTHON,",7.00,MONTY PYTHON'S BIG RED BOOK,https://www.biblio.com/book/monty-pythons-big-red-book-monty/d/1377307384
"by [Monty Python] Morgan, David",16.79,Monty Python Speaks,https://www.biblio.com/book/monty-python-speaks-monty-python-morgan/d/673258582
by Monty Python,18.99,Monty Python's Previous Record,https://www.biblio.com/music-vinyl/monty-pythons-previous-record-monty-python/d/1446525509
by Monty Python,20.00,Monty Python: Matching Tie and Hankerchief,https://www.biblio.com/book/monty-python-matching-tie-hankerchief-monty/d/922878178
by Monty Python,7.24,Monty Python and the Meaning of Life,https://www.biblio.com/book/monty-python-meaning-life-monty-python/d/1463896396
by Monty Python,10.79,The Brand New Monty Python Paperbook,https://www.biblio.com/book/brand-new-monty-python-paperbook-monty/d/99644158
by MONTY PYTHON,20.00,MONTY PYTHON'S BIG RED BOOK,https://www.biblio.com/book/monty-pythons-big-red-book-monty/d/927081240
"by Python, Matthew",16.37,"Linux for beginners: The easy beginners guide to introduce and use Linux operating system. How to make an easy installation, configuration, learn basics commands, fundamentals and technical overview.",https://www.biblio.com/book/linux-beginners-easy-beginners-guide-introduce/d/1405948173
"by Monty Python (Graham Chapman, John Cleese, Terry Gilliam, Etc.)",12.50,Monty Python's Life of Brian,https://www.biblio.com/book/monty-pythons-life-brian-monty-python/d/516702080
"by Chimombo, Steve",15.00,Python! Python!,https://www.biblio.com/book/python-python-chimombo-steve/d/1246401655
by Caleb Hattingh,12.95,Using Asyncio In Python 3: Understanding Python's Asynchronous Programming Features,https://www.biblio.com/book/using-asyncio-python-3-caleb-hattingh/d/1456231005
by Monty Python Pictures,9.22,Monty Python and the Holy Grail: Special Edition (DVD),https://www.biblio.com/book/monty-python-holy-grail-special-edition/d/1489090810
"by Johnson, Kim ""Howard"". (Monty Python).",8.00,The First 20 Years of Monty Python.,https://www.biblio.com/book/first-20-years-monty-python-johnson/d/73510521
by Pythons,15.00,The Pythons Autobiography,https://www.biblio.com/book/pythons-autobiography-pythons/d/90267551
"by Programmer, PYTHON",9.24,PYTHON developer notebook : language PYTHON: PYTHON programmer .: this awsome PYTHON notebook is 6 in x 9 in 120 pages,https://www.biblio.com/book/python-developer-notebook-language-python-python/d/1441684238
"by Chapman, Graham Et Al",12.00,MONTY PYTHON'S THE MEANING OF LIFE,https://www.biblio.com/book/monty-pythons-meaning-life-chapman-graham/d/1459826386
by Python Development Team,16.17,Python 3.5 Setup and Usage Guide,https://www.biblio.com/book/python-35-setup-usage-guide-python/d/1480360927
by Python,22.20,"Monty Python's Flying Circus: Just the Words Volumes 1 & 2: Written by Python, 1990 Edition, Publisher: Random House of Canada, Limited [Paperback] [Paperback] Python",https://www.biblio.com/book/monty-pythons-flying-circus-just-words/d/1036259937
"by [Monty Python] Perry, George",9.99,Life of Python,https://www.biblio.com/book/life-python-monty-python-perry-george/d/1276652124
"by Programmer, PYTHON",9.24,PYTHON developer notebook : language PYTHON: PYTHON programmer .: this awsome PYTHON notebook is 6 in x 9 in 120 pages,https://www.biblio.com/book/python-developer-notebook-language-python-python/d/1456029543
"by MONTY PYTHON,",7.00,MONTY PYTHON'S BIG RED BOOK,https://www.biblio.com/book/monty-pythons-big-red-book-monty/d/1377307384
"by [Monty Python] Morgan, David",16.79,Monty Python Speaks,https://www.biblio.com/book/monty-python-speaks-monty-python-morgan/d/673258582
by Monty Python,18.99,Monty Python's Previous Record,https://www.biblio.com/music-vinyl/monty-pythons-previous-record-monty-python/d/1446525509
by Monty Python,20.00,Monty Python: Matching Tie and Hankerchief,https://www.biblio.com/book/monty-python-matching-tie-hankerchief-monty/d/922878178
by Monty Python,7.24,Monty Python and the Meaning of Life,https://www.biblio.com/book/monty-python-meaning-life-monty-python/d/1463896396
by Monty Python,10.79,The Brand New Monty Python Paperbook,https://www.biblio.com/book/brand-new-monty-python-paperbook-monty/d/99644158
by MONTY PYTHON,20.00,MONTY PYTHON'S BIG RED BOOK,https://www.biblio.com/book/monty-pythons-big-red-book-monty/d/927081240
"by Python, Matthew",16.37,"Linux for beginners: The easy beginners guide to introduce and use Linux operating system. How to make an easy installation, configuration, learn basics commands, fundamentals and technical overview.",https://www.biblio.com/book/linux-beginners-easy-beginners-guide-introduce/d/1405948173
"by Monty Python (Graham Chapman, John Cleese, Terry Gilliam, Etc.)",12.50,Monty Python's Life of Brian,https://www.biblio.com/book/monty-pythons-life-brian-monty-python/d/516702080
"by Chimombo, Steve",15.00,Python! Python!,https://www.biblio.com/book/python-python-chimombo-steve/d/1246401655
by Caleb Hattingh,12.95,Using Asyncio In Python 3: Understanding Python's Asynchronous Programming Features,https://www.biblio.com/book/using-asyncio-python-3-caleb-hattingh/d/1456231005
by Monty Python Pictures,9.22,Monty Python and the Holy Grail: Special Edition (DVD),https://www.biblio.com/book/monty-python-holy-grail-special-edition/d/1489090810
"by Johnson, Kim ""Howard"". (Monty Python).",8.00,The First 20 Years of Monty Python.,https://www.biblio.com/book/first-20-years-monty-python-johnson/d/73510521
by Pythons,15.00,The Pythons Autobiography,https://www.biblio.com/book/pythons-autobiography-pythons/d/90267551
"by Programmer, PYTHON",9.24,PYTHON developer notebook : language PYTHON: PYTHON programmer .: this awsome PYTHON notebook is 6 in x 9 in 120 pages,https://www.biblio.com/book/python-developer-notebook-language-python-python/d/1441684238
"by Chapman, Graham Et Al",12.00,MONTY PYTHON'S THE MEANING OF LIFE,https://www.biblio.com/book/monty-pythons-meaning-life-chapman-graham/d/1459826386
by Python Development Team,16.17,Python 3.5 Setup and Usage Guide,https://www.biblio.com/book/python-35-setup-usage-guide-python/d/1480360927
by Python,22.20,"Monty Python's Flying Circus: Just the Words Volumes 1 & 2: Written by Python, 1990 Edition, Publisher: Random House of Canada, Limited [Paperback] [Paperback] Python",https://www.biblio.com/book/monty-pythons-flying-circus-just-words/d/1036259937
"by [Monty Python] Perry, George",9.99,Life of Python,https://www.biblio.com/book/life-python-monty-python-perry-george/d/1276652124
"by Programmer, PYTHON",9.24,PYTHON developer notebook : language PYTHON: PYTHON programmer .: this awsome PYTHON notebook is 6 in x 9 in 120 pages,https://www.biblio.com/book/python-developer-notebook-language-python-python/d/1456029543
"by MONTY PYTHON,",7.00,MONTY PYTHON'S BIG RED BOOK,https://www.biblio.com/book/monty-pythons-big-red-book-monty/d/1377307384
"by [Monty Python] Morgan, David",16.79,Monty Python Speaks,https://www.biblio.com/book/monty-python-speaks-monty-python-morgan/d/673258582
by Monty Python,18.99,Monty Python's Previous Record,https://www.biblio.com/music-vinyl/monty-pythons-previous-record-monty-python/d/1446525509
by Monty Python,20.00,Monty Python: Matching Tie and Hankerchief,https://www.biblio.com/book/monty-python-matching-tie-hankerchief-monty/d/922878178
by Monty Python,7.24,Monty Python and the Meaning of Life,https://www.biblio.com/book/monty-python-meaning-life-monty-python/d/1463896396
by Monty Python,10.79,The Brand New Monty Python Paperbook,https://www.biblio.com/book/brand-new-monty-python-paperbook-monty/d/99644158
by MONTY PYTHON,20.00,MONTY PYTHON'S BIG RED BOOK,https://www.biblio.com/book/monty-pythons-big-red-book-monty/d/927081240
"by Python, Matthew",16.37,"Linux for beginners: The easy beginners guide to introduce and use Linux operating system. How to make an easy installation, configuration, learn basics commands, fundamentals and technical overview.",https://www.biblio.com/book/linux-beginners-easy-beginners-guide-introduce/d/1405948173
"by Monty Python (Graham Chapman, John Cleese, Terry Gilliam, Etc.)",12.50,Monty Python's Life of Brian,https://www.biblio.com/book/monty-pythons-life-brian-monty-python/d/516702080
"by Chimombo, Steve",15.00,Python! Python!,https://www.biblio.com/book/python-python-chimombo-steve/d/1246401655
by Caleb Hattingh,12.95,Using Asyncio In Python 3: Understanding Python's Asynchronous Programming Features,https://www.biblio.com/book/using-asyncio-python-3-caleb-hattingh/d/1456231005
by Monty Python Pictures,9.22,Monty Python and the Holy Grail: Special Edition (DVD),https://www.biblio.com/book/monty-python-holy-grail-special-edition/d/1489090810
"by Johnson, Kim ""Howard"". (Monty Python).",8.00,The First 20 Years of Monty Python.,https://www.biblio.com/book/first-20-years-monty-python-johnson/d/73510521
by Pythons,15.00,The Pythons Autobiography,https://www.biblio.com/book/pythons-autobiography-pythons/d/90267551
"by Programmer, PYTHON",9.24,PYTHON developer notebook : language PYTHON: PYTHON programmer .: this awsome PYTHON notebook is 6 in x 9 in 120 pages,https://www.biblio.com/book/python-developer-notebook-language-python-python/d/1441684238
"by Chapman, Graham Et Al",12.00,MONTY PYTHON'S THE MEANING OF LIFE,https://www.biblio.com/book/monty-pythons-meaning-life-chapman-graham/d/1459826386
by Python Development Team,16.17,Python 3.5 Setup and Usage Guide,https://www.biblio.com/book/python-35-setup-usage-guide-python/d/1480360927
by Python,22.20,"Monty Python's Flying Circus: Just the Words Volumes 1 & 2: Written by Python, 1990 Edition, Publisher: Random House of Canada, Limited [Paperback] [Paperback] Python",https://www.biblio.com/book/monty-pythons-flying-circus-just-words/d/1036259937
"by [Monty Python] Perry, George",9.99,Life of Python,https://www.biblio.com/book/life-python-monty-python-perry-george/d/1276652124
"by Programmer, PYTHON",9.24,PYTHON developer notebook : language PYTHON: PYTHON programmer .: this awsome PYTHON notebook is 6 in x 9 in 120 pages,https://www.biblio.com/book/python-developer-notebook-language-python-python/d/1456029543
"by MONTY PYTHON,",7.00,MONTY PYTHON'S BIG RED BOOK,https://www.biblio.com/book/monty-pythons-big-red-book-monty/d/1377307384
"by [Monty Python] Morgan, David",16.79,Monty Python Speaks,https://www.biblio.com/book/monty-python-speaks-monty-python-morgan/d/673258582
by Monty Python,18.99,Monty Python's Previous Record,https://www.biblio.com/music-vinyl/monty-pythons-previous-record-monty-python/d/1446525509
by Monty Python,20.00,Monty Python: Matching Tie and Hankerchief,https://www.biblio.com/book/monty-python-matching-tie-hankerchief-monty/d/922878178
by Monty Python,7.24,Monty Python and the Meaning of Life,https://www.biblio.com/book/monty-python-meaning-life-monty-python/d/1463896396
by Monty Python,10.79,The Brand New Monty Python Paperbook,https://www.biblio.com/book/brand-new-monty-python-paperbook-monty/d/99644158
by MONTY PYTHON,20.00,MONTY PYTHON'S BIG RED BOOK,https://www.biblio.com/book/monty-pythons-big-red-book-monty/d/927081240
"by Python, Matthew",16.37,"Linux for beginners: The easy beginners guide to introduce and use Linux operating system. How to make an easy installation, configuration, learn basics commands, fundamentals and technical overview.",https://www.biblio.com/book/linux-beginners-easy-beginners-guide-introduce/d/1405948173
"by Monty Python (Graham Chapman, John Cleese, Terry Gilliam, Etc.)",12.50,Monty Python's Life of Brian,https://www.biblio.com/book/monty-pythons-life-brian-monty-python/d/516702080
"by Chimombo, Steve",15.00,Python! Python!,https://www.biblio.com/book/python-python-chimombo-steve/d/1246401655
by Caleb Hattingh,12.95,Using Asyncio In Python 3: Understanding Python's Asynchronous Programming Features,https://www.biblio.com/book/using-asyncio-python-3-caleb-hattingh/d/1456231005
by Monty Python Pictures,9.22,Monty Python and the Holy Grail: Special Edition (DVD),https://www.biblio.com/book/monty-python-holy-grail-special-edition/d/1489090810
"by Johnson, Kim ""Howard"". (Monty Python).",8.00,The First 20 Years of Monty Python.,https://www.biblio.com/book/first-20-years-monty-python-johnson/d/73510521
by Pythons,15.00,The Pythons Autobiography,https://www.biblio.com/book/pythons-autobiography-pythons/d/90267551
"by Programmer, PYTHON",9.24,PYTHON developer notebook : language PYTHON: PYTHON programmer .: this awsome PYTHON notebook is 6 in x 9 in 120 pages,https://www.biblio.com/book/python-developer-notebook-language-python-python/d/1441684238
"by Chapman, Graham Et Al",12.00,MONTY PYTHON'S THE MEANING OF LIFE,https://www.biblio.com/book/monty-pythons-meaning-life-chapman-graham/d/1459826386
by Python Development Team,16.17,Python 3.5 Setup and Usage Guide,https://www.biblio.com/book/python-35-setup-usage-guide-python/d/1480360927
